{"cameraMode":{"drawMode":0,"name":"Shaded","section":"Shading Mode"},"sceneLighting":false,"audioPlay":false,"sceneViewState":{"showFog":true,"showMaterialUpdate":true,"showSkybox":true,"showFlares":true,"showImageEffects":true,"showParticleSystems":true},"in2DMode":false,"pivot":{"x":-9.874168395996094,"y":-125.21334838867188,"z":-70.20635986328125},"rotation":{"x":0.1124098002910614,"y":-0.4559047818183899,"z":0.058171216398477557,"w":0.8809933662414551},"size":752.0673217773438,"orthographic":false}