{"cameraMode":{"drawMode":0,"name":"Shaded","section":"Shading Mode"},"sceneLighting":false,"audioPlay":false,"sceneViewState":{"showFog":true,"showMaterialUpdate":true,"showSkybox":true,"showFlares":true,"showImageEffects":true,"showParticleSystems":true},"in2DMode":false,"pivot":{"x":250.6051788330078,"y":246.59307861328126,"z":200.15789794921876},"rotation":{"x":0.09507275372743607,"y":-0.06321004778146744,"z":0.006049287039786577,"w":0.993452250957489},"size":985.40380859375,"orthographic":false}